{"version":1,"hash":{"type":"Buffer","data":"az+dToZH3QjKVIQpiXlVmTuA1v8X9dyokxpVDWG884Qz2OJZmDZiGqKattK/rim/f24d7ZKiwXeB79mSleGv4mvtTGFAmqzoVPVrCeiGYwIDOWkRF5Eqco/203OaM7GpfhvR22QQ1KfpQn9kkjLfsoE7qcx/5efyYHOSf5afvJI="},"indexValueMap":{"FArcxLZFex1V/vi0+gNBk8+cPFEuR0UmKhBHGC0JBEU=":{"valueMac":{"type":"Buffer","data":"We6x7jOZbmbWxSJXcl3bDAJymGbVXvNjmg3LZXpZQs0="}},"DKpqUYJB6uFHUEg3n0WoSqB/T5bsUxJ26bGp50VTCwE=":{"valueMac":{"type":"Buffer","data":"q7NMLPfwwSxs8U346Xni9aMDNjmm0LA5E01z+ycdn4w="}},"9Q27xCw1wpze39WkKg6pzCn/GI+Q89q17S2Q35XETq8=":{"valueMac":{"type":"Buffer","data":"JYtsHzrYM7xoFRXSnj6SbKaS6sqkXmIrx7wSdCUyeP4="}},"OSVSmnp1NeasqsIv5rthynXdtzpZmjTs78tvpRQTmQc=":{"valueMac":{"type":"Buffer","data":"bw69Kft4JoA/aIPklqxbQoM/7A39tZJSgZ5E5qDMT0s="}},"wrNEuMQrRGIudUUFJdlgUpnW6BFDoQl0ZfX9njrGIJY=":{"valueMac":{"type":"Buffer","data":"hLnPxcWx3Mc0UBZYPpotnaoTaTTG81QkNHIo9plX1JE="}},"V8PPtWu4OGJcL+fFU4ySocMrSq2y2FrPOrT5k8nCdvw=":{"valueMac":{"type":"Buffer","data":"9M6URpwypnQ1pLfsIuXGosncJ6T6sPa3ueLcZeWBXAw="}},"XhD7qk74ndf5VSFtX6gol3+oh3b80uP5toUOMAr+sVs=":{"valueMac":{"type":"Buffer","data":"EZR0a7Fj4cKpAOzJzfO0c0gLvmOWPiwciVNjLCmmkX4="}},"1fj5687xsOewajP9xAGbyOT/NSK6NaEWV8X1javUV3A=":{"valueMac":{"type":"Buffer","data":"AZee1bWYyHk60u1D+yhE2fUpBcfQQ2ac0i1gMURC2QA="}},"7LOgFjarBgncbcrR7CbqeDBdb8aindOynfRBm/7i6dI=":{"valueMac":{"type":"Buffer","data":"gXKZNosZdacesrqNGzoQ1B2oEdwf8A+Z1OSs9Pnhz64="}},"Gi9G6JSNAgzOnGCzQOFzjznqWc6GMC4mI8BlNG3Pink=":{"valueMac":{"type":"Buffer","data":"Ca4tcpgFRWwOskl/f0SQIDMzTb9x2VQxUIUtfw5XF90="}},"PhSFRvmE+i4OTy6DIOIPWxF2WzVD1KDb5KBgpe8KUUM=":{"valueMac":{"type":"Buffer","data":"Fd80yWFSV5MHWsjdTInoJS7lhJHhKczIASTVjOrSxkk="}},"Cgpb/qxuU71fGZnUE7/cUzxdfCOIhtLT4kn2IFFz2mA=":{"valueMac":{"type":"Buffer","data":"erx9jLDF/lS1tYfWWYHAzEtPUO9tkM+Z02E+4dM7Wns="}},"K/yu+L1hsja0f78BHNqE33GLfw3947QGTRtYC1YugWE=":{"valueMac":{"type":"Buffer","data":"KWgOZDJklvUpqMlsmAQ9eRjXcJQKb9GWx6e1B66pZes="}},"3qYQYuJYWpYppBez+XtYG2EFlj8v2TUUI3KqgucFX3A=":{"valueMac":{"type":"Buffer","data":"O6Uzr6K7llnUX42JL2tP8h2OZdos1gY1MrjLpe+E9wY="}},"KxAL6UF24x233PDtN/AWp47D8Opws4nLUTmKnP70iwM=":{"valueMac":{"type":"Buffer","data":"jW3NgiG7UCOQwFCZLSTwqHcxuuJhydzP2LuOK0LxgZc="}},"UYPqIEpR5432P9wUteRiT2DiwJUQGKHLqxXZjJdc+Zs=":{"valueMac":{"type":"Buffer","data":"bzl06dksPQOi9I+af0Yjmvdfo4MiDumOXKj3hEJ38ng="}},"uSlZMTyPCD4at8gCt+jYir++J2UNWb/dxWiOJKPeEzA=":{"valueMac":{"type":"Buffer","data":"ob26TJsKpVR2w6HBX2pOTAuTKFQftKJ7oc6b6bCdL/0="}},"/EOiPAFHXCNoMw1++sCMdmWILNwQ4YPJEPznjqOCOFg=":{"valueMac":{"type":"Buffer","data":"/5CLvJNSFK8kqBfpsNrNkwcJN+N1TSdQt2BoOisVAxg="}},"N4OMDnfHqaYvHVgXD92ahbHCNjDHSq+Q5nvn3X06kqg=":{"valueMac":{"type":"Buffer","data":"fZ2PEPgRItwkybeESO6XvLDEhX0fseiaYDyfy17Nf8c="}},"T1F1zUMa5z5XSWQ2thtx6YRmxMVZWQYx5koQEOYGf1U=":{"valueMac":{"type":"Buffer","data":"Ybd3RJDhHj8a0K1EJOnopTD+CknjBSl9GvXgrUR+xZ4="}},"Ck3c98DGJ2RVxmLQlJ5saAx2+BenLh7rH+CWRblq8fU=":{"valueMac":{"type":"Buffer","data":"qkB3ytlX/bGti8YgpD1FDm6wvKQLRZjwjFCODuZd6DQ="}},"gxADuqw4jD4lhhEmwzL7ECoDv2PFDrTbtDKMR6xn0pA=":{"valueMac":{"type":"Buffer","data":"xY0xjGlyEJNAUPOol+UYXPKsmJ7P0/I+eZO3MjHFuS0="}},"oTfypOSFBuJXkF3QiwM5ejKwBeQVcSzpCWiQsfHLpBQ=":{"valueMac":{"type":"Buffer","data":"FJCcnJJv062HsJsItTWe9GdGSkUSrz3vJ4eMQKGxjRE="}},"mke70Y6D5luaG8LKnnNl2j0Cm5jJ3nMzyKvTrW11H1E=":{"valueMac":{"type":"Buffer","data":"5Fp3nbaE6BpyiWHkPbPnSmNbgb8417pr5tpdbPaEnmA="}},"PLqk48d6zjPQ1FIudo/W+qr2vO1eharp6nMhqRBXXZs=":{"valueMac":{"type":"Buffer","data":"A8uclNa2CzM3fd7WVNqbvInwT7Du321g3qdhpLdr30c="}},"tWWOgFXY/3qJ4RyvmGceemnvi45y+StDA549FKPy3+s=":{"valueMac":{"type":"Buffer","data":"nsCTMooBCGbfbiwT3l6NGwTJM6s7GXFvwJCYCRVtnKQ="}},"ieUJMlo0WlCJwI7yfr4AKyGgHGN06XkljNDFp+umW6I=":{"valueMac":{"type":"Buffer","data":"YaS9KBJ+DQFp3pS2duElnF1rMyJmVX8EStkrLbq6bTE="}},"2J5NHsKQ59bkJH5C0bJmKzap/Dh+Ubfej1pgkPS/H8I=":{"valueMac":{"type":"Buffer","data":"hOr5ADKjE4HK4CBZ03H5SqMT9UW+J+dgBiVKTX7fxyo="}},"eFzMFaNrBRbNgamYbDpxEYPPjYr1JNgLt/ST012CVP0=":{"valueMac":{"type":"Buffer","data":"RkFAEIR7a8r12akQutoJiB4QsLHJdGi7BmffZB6VW8E="}},"IuktGbpNoOB3wZRRmwlADm17JJ9wZKspiMz1ShDOJa8=":{"valueMac":{"type":"Buffer","data":"bk8gTrrnKzjH/cEcpPhFIQwCYweX474bBtxsblF3PWk="}},"sij7GANwOgb3/msAUQJpVRV4VUvtQLkP7xNNEJxTHZU=":{"valueMac":{"type":"Buffer","data":"9wC/NI/TBc4DNRj9vn+Z+cRVzkmtI835LH1CfCXCBgM="}},"IhPjK/06QYeZiH1V1hdAN1EEnibCV+3/XKU0AehPAeM=":{"valueMac":{"type":"Buffer","data":"a7Cowc+KY74SCa0KTwWwdPlHNVPjBCyQCx6SUrz/+bA="}},"4u1Svsl3E4BRZbl9JD36y3poZPtANK9GmpUwTLKXp4s=":{"valueMac":{"type":"Buffer","data":"RAbt8/+jkYJuar/RfzeTew7qE0KBMWlNwP5o8QHqaEE="}},"iK+ON3wUpR6C+/UIoWbzCw2u8Yq9ASW1/k423EqYbwQ=":{"valueMac":{"type":"Buffer","data":"xg0N+kxiLLhV9Ixoft7rnz08EeoXeIwC6bLGZPLmHyA="}},"lhvAlKID/BbDRA/tKrNiDOTV8hvJGDmhB5KRCjHNMPw=":{"valueMac":{"type":"Buffer","data":"IA7A92l8/XxdIk1J9Dke+LdP3b04RJa+evgOjRvqupM="}},"5aioMj3K++y5a7bx0M8RfVY4T0dhcKpuQ/x0rZ0k4mo=":{"valueMac":{"type":"Buffer","data":"3tC3WBum1x7yAfyMzKNUT5CDMUetooWQ+VFSE8Ud25w="}},"nJkZKWfmY70qmcn1oithmKx/CCLpiWkWRXN9Ef0xksI=":{"valueMac":{"type":"Buffer","data":"w7mh9/XdLoS0VEVofuTXmCjFuI1LkG5zT6QezIA8BbM="}},"P3apiA/WCWH6dZRJTg1kr9hv44O9373mMZtjbrbQELc=":{"valueMac":{"type":"Buffer","data":"Cxl//QjorzJ/c99Ci1tmik895GL7a2yssJj5PvCV9zw="}},"OVbD7E/nlJxYphRCiiRPpSdysSCmEgGhvqAs8SWeCaA=":{"valueMac":{"type":"Buffer","data":"VA6Lio4dQIIT3nn9Sxjoa70pQhvJqBDo5UvGBAtJ2V4="}},"1fxPJWN4IDp4D1MRit38zB25625Zsrvj/4ATIJTZzeE=":{"valueMac":{"type":"Buffer","data":"ADqdZAfGyeV1Pjdrf091oeAhbibbbdFqagjH4ibIdVc="}},"5Le8x5btG2wyQJJ97ONkQ4hkTRp3AuDwniBOVSLKNyQ=":{"valueMac":{"type":"Buffer","data":"pwWTfp/XfwftsYlb9m1E/xn4IsdzjPVyKmXaIav2Snw="}},"aQO2wBiEJjQvrDFnQmb2gr7RSYRV3iiRpyVp4J83a+0=":{"valueMac":{"type":"Buffer","data":"ykh4R/enhhIRkmh5y/Yjm+5kxvcJxDppNwOXMC7nw5I="}},"Hqe2JG9xfHawOsN5fEekj1X7yljzhyZ76OEN1AUCv1s=":{"valueMac":{"type":"Buffer","data":"2ArIbKPu1KHK0+wul6Q7+k6ArNmC5+JRiufBG3fR9ac="}},"ieq7ayNTSs42QmLA8VrV8wNJ1i821BCRR08p+iBjaaQ=":{"valueMac":{"type":"Buffer","data":"Im2u6WsP2BHRL2e1s+hBpnUJlDjoQ1pUNWiZiD7CuFo="}},"LMKF0ohdUoYqxwKNOLGh/cfj2ooiUy9YPSVX+If7I1o=":{"valueMac":{"type":"Buffer","data":"NlYGFePkp1a24zxIhqG4VJ7lKevCyb4AZYCHBYNB/Fo="}}}}