{"noiseKey":{"private":{"type":"Buffer","data":"+NYcnlcK97Y8sQh+tWyoamY87sVnmeL3EAMn8FMkpk0="},"public":{"type":"Buffer","data":"4MM9AckAe+7wIwG70pqd7+VD1klCV9ABd7j+xwdTLws="}},"pairingEphemeralKeyPair":{"private":{"type":"Buffer","data":"0PKSOnq4/JoPTtFdr9cKGE8tRW8peTAfuzTORfCIvVY="},"public":{"type":"Buffer","data":"9NApRxABLXl+SZT2bih0cADZHnSX6nmkgTBN1AoRGSo="}},"signedIdentityKey":{"private":{"type":"Buffer","data":"yD7KGyc7HL9G8++ldQhwsKPjxwdj/eEp2nvdorLtn3I="},"public":{"type":"Buffer","data":"pD2uTwzKiCIiFcdpIeXkNcqPtqJvZmK3NEZ75aio9is="}},"signedPreKey":{"keyPair":{"private":{"type":"Buffer","data":"cOKvOZNJrO2c+qGmJsXVdPioMHEdmOc34dAEZOUqoHY="},"public":{"type":"Buffer","data":"RnuyrDLQy+ZTsxS3QMaa5X52INtCKEaeAIakcxRG0w4="}},"signature":{"type":"Buffer","data":"4fDx0JvDMAxhkpFa5jC0PBQ6hj6jyDvmXoSW9Y5xyfa/a0C0BbOm8iL8+3SIxB9dPBC4VZYsBmqaxzMuuyrQCg=="},"keyId":1},"registrationId":129,"advSecretKey":"kZR7F/O8DXouJw82MtVWarsMp4WQCKpxrbnLRbuGSxE=","processedHistoryMessages":[{"key":{"remoteJid":"6285861178083@s.whatsapp.net","fromMe":true,"id":"A80DF187ED619DBC7B7E0014569961F4"},"messageTimestamp":1723196434},{"key":{"remoteJid":"6285861178083@s.whatsapp.net","fromMe":true,"id":"9EDD22BC3E202C3FA70EE4645C9CEC05"},"messageTimestamp":1723196434},{"key":{"remoteJid":"6285861178083@s.whatsapp.net","fromMe":true,"id":"7B34689368FF853417C94D3C4FE14BC6"},"messageTimestamp":1723196437},{"key":{"remoteJid":"6285861178083@s.whatsapp.net","fromMe":true,"id":"0A4212934E3B02DAD1BE31401B47062B"},"messageTimestamp":1723196437}],"nextPreKeyId":32,"firstUnuploadedPreKeyId":32,"accountSyncCounter":1,"accountSettings":{"unarchiveChats":false},"deviceId":"Ky8RbdUDRyubSBF3NhW9hQ","phoneId":"a11aafc8-4657-4698-a3c4-2e0419bdf27e","identityId":{"type":"Buffer","data":"hHf1F+i+BfZPjJxCwA874iui6hM="},"registered":false,"backupToken":{"type":"Buffer","data":"nL74LNCf9J24rc9Wvb2WFHdGnkA="},"registration":{},"account":{"details":"CNXS3r0BEI3I17UGGAEgACgA","accountSignatureKey":"2plEeZkXw6TI/cYImSIJY9B/Gua8o3QBMxJIKu7L0QI=","accountSignature":"TVZHiDJFk/65ixhV+FW4yOcffErqLPwm1GrTGzeijWbixowtaFnuFb9370Rd65wKuL4o7dOzG/5bYUqP1FQXCg==","deviceSignature":"mwn6CWp290DtApDHyaAutd/SACQnUloTY0KMK08dGG0BQhn+cEF2Q5MG20TiI/QOhMxIo7TNhGff6IqLmtYlDg=="},"me":{"id":"6285861178083:3@s.whatsapp.net","lid":"262715029352494:3@lid","name":"bot"},"signalIdentities":[{"identifier":{"name":"6285861178083:3@s.whatsapp.net","deviceId":0},"identifierKey":{"type":"Buffer","data":"BdqZRHmZF8OkyP3GCJkiCWPQfxrmvKN0ATMSSCruy9EC"}}],"platform":"android","routingInfo":{"type":"Buffer","data":"CAIIDQ=="},"lastAccountSyncTimestamp":1723196962,"myAppStateKeyId":"AAAAAGum"}