{"_sessions":{"BYinX5cKIcG4hECSpBWFFQGjgpbwIa1haEjpdbewrE9c":{"registrationId":239963355,"currentRatchet":{"ephemeralKeyPair":{"pubKey":"BRVPGzFdHUhQuFHnSDhlPxVfNe7kLIDZwhmkDp9C1Dl0","privKey":"kIsr5nd6XFztyujCjLWbDfkGk5RtTP8akqjkxdzaEWc="},"lastRemoteEphemeralKey":"BRsAarCkRSMfE/sZxfMuCNOPUC1Abf1sSXUHXvW9I9oO","previousCounter":0,"rootKey":"HfjgkeUKlT00hT6hbjV3u711RWD7/s12jto1oh5saEM="},"indexInfo":{"baseKey":"BYinX5cKIcG4hECSpBWFFQGjgpbwIa1haEjpdbewrE9c","baseKeyType":2,"closed":-1,"used":1723196432572,"created":1723196432572,"remoteIdentityKey":"BdqZRHmZF8OkyP3GCJkiCWPQfxrmvKN0ATMSSCruy9EC"},"_chains":{"BRsAarCkRSMfE/sZxfMuCNOPUC1Abf1sSXUHXvW9I9oO":{"chainKey":{"counter":7,"key":"8B7LEp82Pq187WSWoZgcS35bqJT5qqZkF0T7zJ5O190="},"chainType":2,"messageKeys":{}},"BRVPGzFdHUhQuFHnSDhlPxVfNe7kLIDZwhmkDp9C1Dl0":{"chainKey":{"counter":4,"key":"LKu6qoyKkl4gnMikZSJGOitFKh6bLhU/7/j+8a6Idpc="},"chainType":1,"messageKeys":{}}}}},"version":"v1"}