{"_sessions":{"BQMLRszj/zUHWKpl8aCzoFvm5uzOxUiPADWgURVSGko1":{"registrationId":699680780,"currentRatchet":{"ephemeralKeyPair":{"pubKey":"BY02b6pbdDSLKmcumuq/xD5XlDIPYHMnDQU91iPRO7oe","privKey":"gBU2X5BW8QrmPKQ7BJrnbOehYFJXmoN0Oc8G63UjyF4="},"lastRemoteEphemeralKey":"BcYlcq9yVOEgu9Fh3PmmXoRpxQV9VFsifgL4LnO7wuJO","previousCounter":0,"rootKey":"micPd4+dJ7IcX+y8WoLt79BtytGiCNiRqSRoJcgkNWc="},"indexInfo":{"baseKey":"BQMLRszj/zUHWKpl8aCzoFvm5uzOxUiPADWgURVSGko1","baseKeyType":2,"closed":-1,"used":1723201075790,"created":1723196477781,"remoteIdentityKey":"BbLhSfWTy8T8HCD1rVR8rm5NA5N6LtUCz3E5liW2QGsG"},"_chains":{"BblgeYBrYUJ/5JBq8oUdy3w5LpwsUN04A9H3J+C4iD5U":{"chainKey":{"counter":0},"chainType":2,"messageKeys":{}},"BYY8TiSQS3ZysISF9bpYVlKwzepABvWUcFFltGpeTP44":{"chainKey":{"counter":2},"chainType":2,"messageKeys":{}},"BdJ1PkvVeFSFms7KUCUjF0XBOEjfmQYW+6l94eBdkt9u":{"chainKey":{"counter":0},"chainType":2,"messageKeys":{}},"BWriAJUNHjzpNM4S9/3aDyvmMcU07OItgIzlRQayAqc8":{"chainKey":{"counter":0},"chainType":2,"messageKeys":{}},"BcYlcq9yVOEgu9Fh3PmmXoRpxQV9VFsifgL4LnO7wuJO":{"chainKey":{"counter":0,"key":"aRl4aAoCFeALiSKODSOCeHDWxliguOX+eqIcE+Ngq7M="},"chainType":2,"messageKeys":{}},"BY02b6pbdDSLKmcumuq/xD5XlDIPYHMnDQU91iPRO7oe":{"chainKey":{"counter":0,"key":"p10FEhB6q5ojX19itFUp+RsddBM3tuouPy0KVaUoADU="},"chainType":1,"messageKeys":{}}}}},"version":"v1"}